"","id","company","industry","ceo2015","ceo2016","ceo_comp","median_comp","ratio","numberOfRatings","ceoratings","overall_2014","overall","culturevalues","wlb","careerops","comp","srleadership","ceopctApprove","rectofriend","profits","size","ceo.match"
"1",446,"3M","Chemical Manufacturing","Inge G. Thulin","Inge G. Thulin",20115589,84130,239,1357,482,3.7,3.7,3.7,3.5,3.4,3.7,3.2,86,75,4833,89446,"match"
"2",12,"Abbott Labs","Biotech & Pharmaceuticals","Miles D. White","Miles D. White",17732241,101178,175,1019,526,3.5,3.6,3.6,3.5,3.3,3.8,3.3,80,75,4423,74000,"match"
"3",649837,"AbbVie","Biotech & Pharmaceuticals","Richard A. Gonzalez","Richard A. Gonzalez",22006271,104366,211,557,208,3.6,3.6,3.5,3.4,3.3,3.9,3.2,85,71,5144,28000,"match"
"4",4138,"Accenture","","Pierre Nanterme","Pierre Nanterme",15925463,89848,177,21188,8930,3.6,3.7,3.7,3.2,3.6,3.4,3.2,94,81,3054,358000,"match"
"5",382053,"ACE Group","Insurance Carriers","Evan G. Greenberg","Evan G. Greenberg",19678174,64395,306,148,55,3.1,2.7,3,2.9,2.6,3.1,2.8,63,47,NA,631,"match"
"7",1090,"Adobe","Computer Hardware & Software","Shantanu Narayen","Shantanu Narayen",17890918,133322,134,2278,1307,4,4,4.2,4.1,3.7,4.1,3.6,95,87,630,13893,"match"
"8",64,"ADP","Staffing & Outsourcing","Carlos A. Rodriguez","Carlos A. Rodriguez",8237147,75511,109,4300,1867,3.5,3.5,3.5,3.4,3.4,3.5,3.1,87,70,1453,55000,"match"
"10",8708,"Advance Auto Parts","Department, Clothing, & Shoe Stores","Darren R. Jackson","Darren R. Jackson",4303711,35699,121,1592,727,2.9,2.9,2.7,2.7,2.7,2.6,2.4,44,43,473,40000,"match"
"11",34,"AEP","Energy","Nicholas K. Akins","Nick Akins",11373520,78590,145,232,101,3.7,3.7,3.5,3.6,3.3,3.8,3.5,83,68,2047,17405,"match"
"12",291,"AES Corporation","Utilities","Andrs Ricardo Gluski Weilert","AndrÌ©s Gluski",8403245,115000,73,214,124,4,3.8,4,3.4,3.4,3.9,3.4,89,87,306,21000,"match"
"13",16,"Aetna","Insurance Carriers","Mark T. Bertolini","Mark T. Bertolini",15067322,67873,222,1374,655,3.3,3.3,3.3,3.3,3,3.3,2.9,78,63,2390,50100,"match"
"14",1302,"Aflac","Insurance Carriers","Daniel P. Amos","Dan Amos",15477348,45723,339,1603,795,3.3,3.3,3.6,3.8,3.3,3,3.2,91,55,2533,9915,"match"
"17",24024,"Aimco Apartment Homes","Real Estate","Terry Considine, J.D.","Terry Considine",4284430,57978,74,261,136,4,3.5,3.7,3.1,3.4,3.5,3.1,85,67,249,1591,"match"
"18",17,"Air Products","Chemical Manufacturing","Seifi Ghasemi","Seifi Ghasemi",10189713,89015,114,442,104,3.5,3.4,3.2,3.6,3.1,3.6,2.8,47,54,1278,19400,"match"
"20",9219,"Akamai","IT Services","F. Thomson Leighton","Tom Leighton",7499987,129603,58,744,445,4,4,4,3.9,3.6,4,3.6,95,81,321,6084,"match"
"21",29,"Alcoa","Metal & Mineral Manufacturing","Klaus-Christian Kleinfeld","Klaus Kleinfeld",18158522,70158,259,529,238,3.2,3.1,3,3,2.9,3.6,2.4,54,47,-322,60000,"match"
"23",11421,"Alliance Data","Advertising & Marketing","Edward J. Heffernan","Ed Heffernan",8727450,60601,144,329,189,3.4,3.6,3.8,3.6,3.5,3.9,3.4,96,70,552,16000,"match"
"24",2341,"Allstate","Insurance Carriers","Thomas J. Wilson","Thomas J. Wilson II",15641385,56155,279,2778,1167,3.4,3.4,3.5,3.5,3.2,3.2,3,73,63,2171,41100,"match"
"25",1112,"Altera","Electrical & Electronic Manufacturing","John P. Daane","John P. Daane",7248710,141035,51,438,241,3.4,3.4,3.5,3.5,3.3,3.6,3.1,73,67,473,3091,"match"
"26",528,"Altria","Consumer Products Manufacturing","Martin J. Barrington","Martin J. Barrington",12320990,79572,155,588,257,3.7,3.8,3.8,3.9,3.4,4.5,3.5,92,74,5241,8800,"match"
"27",6036,"Amazon.com","General Merchandise & Superstores","Jeffrey P. Bezos","Jeff Bezos",1681840,114352,15,10789,5836,3.4,3.5,3.3,2.8,3.5,3.6,3,81,65,596,230800,"match"
"28",690,"Ameren","Utilities","Warner L. Baxter, CPA","Warner L. Baxter",4958397,74000,67,121,50,3.7,3.8,3.7,4,3.6,4.4,3.5,79,82,630,8527,"match"
"29",8,"American Airlines","Airlines","W. Douglas Parker","Doug Parker",12301976,54800,224,1508,409,3.4,3.6,3.3,3.3,3.5,3.3,2.9,68,72,700,118500,"match"
"30",35,"American Express","Financial Transaction Processing","K.I. Chenault","Ken Chenault",22796083,108598,210,4220,2633,3.7,3.6,3.7,3.8,3.3,3.6,3.2,84,74,5163,54800,"match"
"31",8043,"American Tower","Telecommunications Services","James D. Taiclet, Jr.","Jim Taiclet Jr.",12704773,67879,187,233,119,3,3.2,3.1,3.2,2.8,3.4,2.8,92,53,685,3371,"match"
"32",15316,"Ameriprise","Investment Banking & Asset Management","James M. Cracchiolo","Jim Cracchiolo",24455192,58902,415,1061,548,3.4,3.5,3.6,3.5,3.3,3.3,3.3,85,71,1562,13000,"match"
"33",2703,"AmerisourceBergen","Biotech & Pharmaceuticals","Steven H. Collis","Steven Collis",9902985,59462,167,538,213,3.2,3.2,3.2,3.1,3,3.6,2.7,72,60,-135,16500,"match"
"35",1130,"Amgen","Biotech & Pharmaceuticals","Robert A. Bradway","Robert A. Bradway",13961667,121202,115,1241,439,3.5,3.5,3.3,3.4,3,3.9,2.8,59,64,6939,17900,"match"
"36",48,"Anadarko Petroleum","Oil & Gas Exploration & Production","R. A. Walker","R. A. Walker",20720187,110626,187,265,127,4.4,3.9,3.7,4.1,3.3,4.5,3.4,77,74,-6692,5800,"match"
"37",49,"Analog Devices","Electrical & Electronic Manufacturing","Vincent T. Roche","Vincent Roche",6090567,103127,59,440,105,3.7,3.7,3.8,4.1,3.4,3.4,3.3,86,85,697,9700,"match"
"38",925157,"Anthem","Insurance Carriers","Joseph R. Swedish","Joseph R. Swedish",13532549,74000,183,519,228,3.4,3.3,3.2,3.2,3,3.5,2.7,73,60,2560,53000,"match"
"39",53,"Aon","Insurance Agencies & Brokerages","Gregory C. Case","Greg Case",13991640,70127,200,1061,464,3.4,3.4,3.4,3.4,3.2,3.2,3.1,85,66,NA,NA,"match"
"41",1138,"Apple","Computer Hardware & Software","Timothy D. Cook","Tim Cook",9222638,36760,251,8871,5216,4,4,4.1,3.3,3.4,4.1,3.5,95,80,53394,110000,"match"
"42",1139,"Applied Materials","Electrical & Electronic Manufacturing","Gary E. Dickerson","Gary Dickerson",16425005,117550,140,981,210,3.5,3.5,3.5,3.3,3.2,3.6,3,83,73,1377,14600,"match"
"44",613,"AT&T","Telecommunications Services","Randall L. Stephenson","Randall L. Stephenson",23984315,67302,356,13225,5912,3.3,3.4,3.2,2.9,3.2,3.8,2.9,72,62,13345,280870,"match"
"45",1155,"Autodesk","Computer Hardware & Software","Carl Bass","Carl Bass",8297290,130149,64,1121,633,3.9,3.9,4,4,3.4,4,3.4,90,80,-331,9500,"match"
"46",2593,"AutoNation","Vehicle Dealers","Mike Jackson","Mike Jackson",10606596,52103,204,573,292,3.2,2.7,2.6,2.3,2.7,2.6,2.5,58,39,443,26000,"match"
"47",610,"AutoZone","Automotive Parts & Accessories Stores","William C. Rhodes, III","Bill Rhodes III",5320741,24900,214,1589,779,2.9,3.1,3.2,2.7,2.9,2.7,2.6,69,51,1160,46980,"match"
"48",40386,"Avago Technologies","Electrical & Electronic Manufacturing","Hock E. Tan","Hock E. Tan",17202596,122285,141,254,136,2.5,2.9,2.5,2.8,2.7,3.5,2.5,53,48,1364,NA,"match"
"49",2616,"AvalonBay","Real Estate","Tim Naughton","Timothy J. Naughton",7427676,54491,136,241,133,4,3.8,3.9,3.7,3.6,3.4,3.4,86,76,742,2981,"match"
"51",72,"Baker Hughes","Oil & Gas Services","Martin S. Craighead","Martin Craighead",14709830,86844,169,1784,709,3.5,3.5,3.4,3.1,3.2,3.8,2.7,58,62,-1967,39000,"match"
"52",8874,"Bank of America","Banks & Credit Unions","Brian T. Moynihan","Brian T. Moynihan",15342399,52923,290,14376,5749,3.3,3.4,3.3,3.3,3.3,3.6,2.9,75,63,15888,213000,"match"
"53",116,"Bard","Health Care Products Manufacturing","Timothy M. Ring","Timothy M. Ring",10840935,82638,131,113,37,3.6,3.2,3.1,3.2,3,3.5,2.8,84,55,135,14900,"match"
"55",1893,"BB&T","Investment Banking & Asset Management","Kelly S. King","Kelly S. King",14118763,45002,314,1091,626,3.2,3.3,3.7,3.4,3,3.6,3,85,66,2084,37200,"match"
"56",88,"BD","Health Care Products Manufacturing","Vincent A. Forlenza, BD","Vincent A. Forlenza",10983518,95000,116,867,255,3.2,3.3,3.6,3.2,3.1,3.4,3,79,66,695,49517,"match"
"57",1961,"Bed Bath & Beyond","Home Furniture & Housewares Stores","Steven H. Temares","Steve Temares",19116040,26047,734,1964,669,2.9,3,3,2.8,2.6,2.7,2.6,49,46,841,62000,"match"
"58",97,"Best Buy","Consumer Electronics & Appliances Stores","Hubert Joly","Hubert Joly",13881219,25160,552,12390,4752,3.4,3.6,3.7,3.3,3.3,3.3,3.2,86,76,897,125000,"match"
"59",1336,"Biogen Idec","Biotech & Pharmaceuticals","George A. Scangos","George A. Scangos",18631369,118325,157,617,299,3.7,3.4,3.5,3.4,3,4.1,2.8,82,63,3547,7350,"match"
"60",9331,"BlackRock","Investment Banking & Asset Management","Laurence D. Fink","Laurence D. Fink",23862458,124361,192,1305,805,3.6,3.6,3.8,3.4,3.5,3.3,3.5,89,75,3345,13000,"match"
"61",78,"BNY Mellon","Investment Banking & Asset Management","Gerald L. Hassell","Gerald Hassell",11659528,56500,206,2688,910,2.8,3,3,3.5,2.7,2.8,2.6,64,54,3158,52100,"match"
"63",1652,"BorgWarner","Transportation Equipment Manufacturing","James R. Verrier","James R. Verrier",10005230,70015,143,213,45,3.7,3.7,3.6,3.4,3.3,3.6,3.3,83,77,610,30000,"match"
"64",2187,"Boston Scientific","Health Care Products Manufacturing","Michael F. Mahoney","Michael F. Mahoney",10527884,95860,110,883,293,3.6,3.8,3.7,3.5,3.4,3.8,3.4,96,77,-239,25000,"match"
"66",6926,"Broadcom","Electrical & Electronic Manufacturing","Scott A. McGregor","Scott McGregor",16451411,145084,113,1751,782,3.5,3.5,3.2,3.4,3.2,3.7,2.9,52,64,652,10650,"match"
"67",797,"Brown-Forman","Food & Beverage Manufacturing","Paul C. Varga","Paul C. Varga",12259150,96468,127,141,77,4.2,4.1,4.2,3.9,3.3,4.2,3.8,96,83,1067,4600,"match"
"68",7124,"C.H. Robinson Worldwide","Logistics & Supply Chain","John P. Wiehoff","John P. Wiehoff",5029488,46634,108,779,387,3.1,3.2,3.3,2.9,2.9,3,2.9,84,56,510,13159,"match"
"69",167,"CA Technologies","Computer Hardware & Software","Michael P. Gregoire","Michael P. Gregoire",8344222,122520,68,1935,747,3.2,3.2,3.3,3.7,3,3.7,2.7,73,55,783,11000,"match"
"72",129,"Campbell Soup Company","Food & Beverage Manufacturing","Denise M. Morrison","Denise Morrison",9687089,102495,95,307,142,3.4,3.5,3.6,3.6,3.4,3.9,3.3,77,76,691,18600,"match"
"73",3736,"Capital One","Banks & Credit Unions","Richard D. Fairbank","Richard D. Fairbank",19606474,83117,236,3988,2049,3.6,3.8,4,3.9,3.5,3.9,3.3,92,76,4050,45800,"match"
"74",1227,"Cardinal Health","Wholesale","George S. Barrett","George S. Barrett",12448618,67360,185,1115,533,3.4,3.5,3.6,3.4,3.3,3.4,3.2,90,69,1215,34500,"match"
"77",137,"Caterpillar","Industrial Manufacturing","Douglas R. Oberhelman","Douglas R. Oberhelman",17131448,86844,197,2152,1049,3.6,3.3,3.3,3.5,3.1,3.7,2.6,36,54,2102,105700,"match"
"78",465818,"CBRE","Real Estate","Robert E. Sulentic","Robert E. Sulentic",6367953,63012,101,1568,483,3.7,3.7,3.7,3.5,3.6,3.3,3.4,94,75,547,70000,"match"
"79",1053,"CBS Corp","Motion Picture Production & Distribution","Leslie Moonves","Les Moonves",57175645,66365,862,90,40,3.5,3.3,3.3,3.3,2.8,3.3,3,90,58,1413,16260,"match"
"81",338,"CenterPoint Energy","Energy","Scott M. Prochazka","Scott M. Prochazka",4897291,68000,72,173,30,3.7,4,3.9,3.8,3.4,3.8,3.4,97,88,-692,7505,"match"
"82",248324,"CenturyLink","Cable, Internet & Telephone Providers","Glen F. Post, III","Glen F. Post, III",13131448,74615,176,2014,763,2.9,3,3,3.2,2.8,3.2,2.5,60,51,878,43000,"match"
"83",1242,"Cerner","Computer Hardware & Software","Neal L. Patterson","Neal L. Patterson",6599410,65000,102,1822,973,3.6,3.5,3.5,3.1,3.5,3.2,3.2,84,70,539,22200,"match"
"84",144,"Charles Schwab","Investment Banking & Asset Management","Walter W. Bettinger II","Walt Bettinger II",11841179,71619,165,1540,870,3.4,3.5,3.8,3.7,3.3,3.3,3.2,87,65,1447,15600,"match"
"85",906,"Chesapeake Energy","Oil & Gas Exploration & Production","Robert D. Lawler","Robert D. Lawler",14677377,82297,178,278,121,3.7,3.7,3.5,3.8,3.3,4.4,3.2,77,69,-14685,4400,"match"
"86",13524,"Chevron","Oil & Gas Exploration & Production","J.S. Watson","John S. Watson",25970417,110000,236,1675,763,4.1,3.9,3.9,4,3.6,4.1,3.3,85,83,4587,61500,"match"
"88",150,"Chubb Corp","Insurance Carriers","John D. Finnegan","John D. Finnegan",17841294,74805,239,494,213,3.8,3.4,3.3,3.5,3,3.4,3,39,59,2834,22000,"match"
"89",119,"Cigna","Insurance Carriers","David M. Cordani","David Cordani",14461445,66365,218,1293,609,3.3,3.5,3.5,3.5,3.3,3.4,3.1,88,68,2094,39300,"match"
"90",1256,"Cintas","Building & Personnel Services","Scott D. Farmer","Scott D. Farmer",4700884,52222,90,1489,776,3.3,3.3,3.4,3,3.3,3.5,2.9,80,60,431,32000,"match"
"92",8843,"Citi","Investment Banking & Asset Management","Michael L. Corbat","Michael Corbat",14457199,99666,145,6100,1709,3.3,3.4,3.3,3.3,3.3,3.3,3,85,68,17242,225000,"match"
"95",7796,"CME Group","Brokerage Services","Phupinder S. Gill","Phupinder Gill",5368575,105163,51,447,175,3.5,3.5,3.2,3.6,3.2,3.7,3,79,57,1247,2530,"match"
"96",12070,"Coach","Other Retail Stores","Victor Luis","Victor Luis",6679113,34771,192,1071,248,3.6,3.5,3.5,3.2,3,3.5,3,83,67,402,15800,"match"
"97",161,"Coca-Cola Company","Food & Beverage Manufacturing","Muhtar Kent","Muhtar Kent",25224422,54804,460,3127,1054,3.3,3.4,3.3,3.1,3.1,3.5,2.8,71,64,7351,123200,"match"
"98",36955,"Coca-Cola Enterprises, Inc.","Wholesale","John Franklin Brock, III","John F. Brock",11267498,49008,230,346,75,3.1,3.3,3.2,3,3,3.4,2.7,63,54,7351,123200,"match"
"99",8014,"Cognizant Technology Solutions","IT Services","Frank D'Souza","Frank D'Souza",11333063,85000,133,13917,8299,3.5,3.6,3.6,3.4,3.5,3.2,3,94,79,1624,221700,"match"
"100",162,"Colgate-Palmolive","Consumer Products Manufacturing","Ian Cook","Ian M. Cook",14531582,105472,138,600,320,3.8,3.8,4,3.8,3.5,3.8,3.5,92,84,1384,37900,"match"
"101",1280,"Comcast","Cable, Internet & Telephone Providers","Brian L. Roberts","Brian L. Roberts",32961056,59745,552,5207,2465,3.2,3.4,3.3,3.3,3.4,3.7,3,80,66,8163,153000,"match"
"102",1281,"Comerica","Investment Banking & Asset Management","Ralph W. Babb, Jr.","Ralph W. Babb Jr.",11311926,51025,222,494,184,3.3,3.3,3.3,3.8,3,3.3,2.8,56,60,521,8533,"match"
"103",169,"Computer Sciences Corp","IT Services","J. Michael Lawrie","Mike Lawrie",13267195,87476,152,5413,2019,2.6,2.7,2.6,3.1,2.5,2.6,2.2,39,38,251,59000,"match"
"104",174,"Con Edison","Energy","John McAvoy","John McAvoy",9685688,97700,99,69,21,2.9,3.5,3.1,3.2,3.8,3.8,3.2,87,64,1193,14806,"match"
"106",14933,"ConocoPhillips","Oil & Gas Exploration & Production","R.M. Lance","Ryan M. Lance",27575900,103296,267,723,259,3.8,3.6,3.6,3.8,3.2,4.2,3,68,71,-4428,15600,"match"
"107",2751,"CONSOL Energy","Energy","Nicholas J. DeIuliis","Nicholas J. DeIuliis",8326097,78004,107,133,45,2.5,2.9,2.8,3,2.2,3.3,2.4,33,36,-375,3114,"match"
"108",805,"Constellation Brands","Food & Beverage Manufacturing","Robert Sands","Rob Sands",10410261,100530,104,131,63,3.6,3.4,3.5,3.3,2.9,3.8,3.2,79,64,1055,9000,"match"
"109",183,"Corning","Electrical & Electronic Manufacturing","Wendell P. Weeks","Wendell P. Weeks",13034461,85882,152,453,238,3.8,3.7,3.8,3.5,3.5,3.7,3.3,83,77,1339,35700,"match"
"110",2590,"Costco Wholesale","General Merchandise & Superstores","W. Craig Jelinek","Craig Jelinek",5622927,30555,184,3201,1446,3.9,4,3.9,3.5,3.7,4.2,3.4,90,81,2377,117000,"match"
"112",124,"CSX","Transportation Management","Michael J. Ward","Michael J. Ward",10068089,66161,152,422,209,3.5,3.2,2.9,2.3,3.1,4.1,2.7,68,58,1968,29000,"match"
"113",187,"Cummins","Transportation Equipment Manufacturing","N. T. Linebarger","Tom Linebarger",14784555,79442,186,1552,813,3.9,3.7,4.1,3.9,3.7,3.5,3.4,84,79,1399,55200,"match"
"114",437,"CVS Health","Health Care Services & Hospitals","Larry J. Merlo","Larry J. Merlo",32350733,27139,1192,8894,3092,2.7,2.7,2.7,2.5,2.8,2.7,2.4,38,36,5237,155000,"match"
"118",5367,"DaVita","Health Care Services & Hospitals","Kent J. Thiry","Kent J. Thiry",13791023,61000,226,1436,777,3.1,3.3,3.7,3.1,3.3,3,2.9,78,60,270,60400,"match"
"122",839,"Devon Energy","Oil & Gas Exploration & Production","John Richels","John Richels",21611030,82905,261,269,155,3.8,3.9,3.9,4.2,3.5,4.6,3.5,87,77,-14454,6600,"match"
"123",13990,"Discover","Lending","David W. Nelms","David W. Nelms",8671740,77596,112,1192,586,3.7,3.7,3.9,3.8,3.5,3.6,3.4,93,76,2297,15036,"match"
"124",4220,"Discovery Communications","TV Broadcast & Cable Networks","David M. Zaslav","David M. Zaslav",156077912,80000,1951,638,328,3.8,3.5,3.7,3.6,3.1,3.6,3,61,65,1034,7000,"match"
"126",4033,"Dollar Tree","","Bob Sasser","Bob Sasser",7814488,22890,341,1788,663,2.8,2.8,2.5,2.6,2.7,2.2,2.4,44,42,282,55300,"match"
"127",204,"Dominion Resources","Energy","Thomas F. Farrell, II","Thomas F. Farrell II",20612945,85943,240,133,77,3.8,3.7,3.8,3.9,3.6,4,3.6,78,90,1899,14700,"match"
"128",207,"Dow Chemical","Chemical Manufacturing","Andrew Liveris","Andrew N. Liveris",19507233,96614,202,1084,555,3.7,3.7,3.6,3.5,3.5,3.7,3.1,53,74,7685,49495,"match"
"129",13335,"Dr Pepper Snapple Group","Food & Beverage Manufacturing","Larry D. Young","Larry D. Young",9671181,50867,190,449,186,3.1,3.1,2.8,2.8,2.9,3.1,2.6,68,50,764,19000,"match"
"130",199,"DTE Energy","Utilities","Gerard M. Anderson","Gerard M. Anderson",12604355,80103,157,262,132,3.9,3.8,3.7,3.8,3.5,4.1,3.4,93,76,727,10000,"match"
"131",211,"Duke Energy","Energy","Lynn J. Good","Lynn J. Good",8305351,78259,106,499,169,3.6,3.5,3.4,3.5,3.4,3.8,3,83,72,2816,29188,"match"
"132",213,"Dun & Bradstreet","Financial Analytics & Research","Robert P. Carrigan","Robert Carrigan",4198663,114440,37,631,166,3.4,3.1,3.2,3.6,2.8,3.3,2.9,74,46,169,5000,"match"
"134",6005,"E*TRADE Financial","Brokerage Services","Paul T. Idzik","Paul T. Idzik",5258458,70561,75,587,192,2.9,3,2.8,3.1,2.7,3.2,2.6,67,46,268,3400,"match"
"135",2452,"Eastman Chemical","Chemical Manufacturing","Mark J. Costa","Mark J. Costa",7851406,83722,94,1241,518,4.5,4.1,4.2,4,3.9,3.9,3.8,87,85,848,15000,"match"
"138",222,"Ecolab","Chemical Manufacturing","Douglas M. Baker, Jr.","Doug Baker Jr.",15456822,62208,248,830,475,3.3,3.2,3.3,2.7,3.1,3.3,2.9,78,59,1002,47000,"match"
"139",11809,"Edwards Lifesciences","Health Care Products Manufacturing","Michael A. Mussallem","Michael A. Mussallem",8616570,95528,90,278,172,3.1,3.6,3.4,2.9,3.2,3.7,2.9,98,69,495,9800,"match"
"140",1628,"Electronic Arts","Video Games","ANDREW WILSON","Andrew Wilson",13975381,100937,138,1436,355,3.6,3.9,3.8,3.7,3.4,3.7,3.4,95,83,1156,8500,"match"
"141",223,"Eli Lilly","Biotech & Pharmaceuticals","John C. Lechleiter, Ph.D.","John C. Lechleiter",14481142,104142,139,980,574,3.8,3.9,4,4,3.5,3.9,3.5,86,83,440,41275,"match"
"143",225,"Emerson","Electrical & Electronic Manufacturing","David N. Farr","David N. Farr",9509258,79211,120,1641,410,3.5,3.5,3.5,3.6,3.2,3.2,3.1,83,70,2710,110800,"match"
"145",231,"Entergy","Energy","Leo P. Denault","Leo Denault",11824034,77991,152,110,22,3.2,3.8,3.5,3.5,3.3,3.7,2.9,69,74,-157,13579,"match"
"146",1467,"EOG","Oil & Gas Exploration & Production","William R. Thomas","William R. Thomas",10548457,95924,110,91,22,3.7,3.6,3.7,3.6,3.1,3.7,3.6,89,67,4525,2760,"match"
"147",232,"Equifax","Financial Analytics & Research","Richard F. Smith","Rick Smith",13879675,90324,154,540,282,3.5,3.3,3.2,3.6,3.1,3.2,3.1,90,63,429,8000,"match"
"148",11296,"Equinix","Enterprise Software & Network Solutions","Stephen Smith","Stephen M. Smith",11513031,145084,79,261,177,3.6,4,3.9,3.5,3.6,4.1,3.8,96,80,188,5042,"match"
"149",3635,"Equity Residential","Real Estate","David J. Neithercut","David J. Neithercut",8139683,58646,139,324,199,3.5,3.7,3.8,3.3,3.7,3.7,3.3,85,73,870,3500,"match"
"150",3630,"Essex Property Trust","Real Estate","Michael J. Schall","Michael Schall",2764573,60000,46,113,48,2.9,2.5,2.6,2.7,3,2.6,2.7,63,44,232,1806,"match"
"151",2785,"Estee Lauder Companies","Consumer Products Manufacturing","Fabrizio Freda","Fabrizio Freda",15562714,74615,209,739,357,3.4,3.7,3.8,3.4,3.2,3.5,3.2,94,73,1089,44000,"match"
"152",526,"Exelon","Energy","Christopher M. Crane","Christopher M. Crane",14990830,92391,162,419,163,3.9,3.9,3.9,3.6,3.9,4.2,3.7,87,79,2269,29762,"match"
"153",9876,"Expedia","Internet","Dara Khosrowshahi","Dara Khosrowshahi",9642406,108555,89,1840,1189,4.1,3.9,4,4.1,3.7,3.9,3.6,97,79,764,18730,"match"
"154",1381,"Expeditors","Logistics & Supply Chain","Jeffrey S. Musser","Jeffrey S. Musser",5080036,55092,92,580,136,3.3,3.3,3.4,3,3.3,3.1,3,91,57,457,15397,"match"
"156",237,"ExxonMobil","Oil & Gas Exploration & Production","R.W. Tillerson","Rex W. Tillerson",33096312,108000,306,1574,552,3.7,3.8,3.6,3.5,3.6,4.1,3.3,87,75,16150,73500,"match"
"157",9222,"F5 Networks","Computer Hardware & Software","John McAdam","John McAdam",8143742,138403,59,485,70,4.2,4,4,4,3.6,4.3,3.6,95,81,365,4178,"match"
"158",40772,"Facebook","Internet","Mark Zuckerberg","Mark Zuckerberg",610455,146120,4,1686,1325,4.4,4.5,4.5,3.8,4.3,4.5,4.2,98,92,3688,13598,"match"
"160",246,"FedEx","Express Delivery Services","Frederick W. Smith","Fred Smith",14151977,59020,240,2569,1314,3.8,3.8,3.6,3.5,3.4,3.6,3.2,89,75,1820,114000,"match"
"162",41703,"First Solar","Electrical & Electronic Manufacturing","James A. Hughes","James A. Hughes",3776136,102693,37,165,65,3.8,3.5,3.4,3.4,3.1,3.7,3.2,68,63,547,6350,"match"
"165",1384,"Fiserv","Financial Transaction Processing","Jeffery W.Yabuki","Jeffery Yabuki",8275917,76575,108,1704,890,2.9,3.2,3.1,3.4,3.1,3.1,2.7,75,63,712,22000,"match"
"166",2559,"FLIR","Electrical & Electronic Manufacturing","Andrew C. Teich","Andrew C. Teich",4616007,94063,49,74,15,3.7,3.3,3.1,3,2.7,3.5,2.8,76,52,242,3003,"match"
"167",1350,"Flowserve","Industrial Manufacturing","Mark A. Blinn","Mark Blinn",7660592,74235,103,344,140,3.2,3,2.9,3.1,2.6,3.2,2.5,45,58,268,19000,"match"
"168",262,"Fluor","Construction","David T. Seaton","David T. Seaton",12011493,86339,139,958,382,3.8,3.8,3.6,3.4,3.4,3.7,3.2,82,75,413,38758,"match"
"169",239,"FMC","Chemical Manufacturing","Pierre R. Brondeau","Pierre Brondeau",5117145,89500,57,149,65,2.8,3.1,3.1,3.2,3,3.8,2.7,47,56,489,6000,"match"
"170",13228,"FMC Technologies","Industrial Manufacturing","John T. Gremp","John T. Gremp",13892357,84149,165,580,283,3.2,3.2,3.3,3.3,2.9,3.5,2.6,83,59,393,17400,"match"
"171",263,"Ford Motor Company","Transportation Equipment Manufacturing","Mark Fields","Mark Fields",18596497,90050,207,1955,515,3.7,4,3.8,3.6,3.6,3.8,3.4,92,81,7373,199000,"match"
"172",2319,"Fossil","Beauty & Personal Accessories Stores","Kosta N. Kartsotis","Kosta N. Kartsotis",0,32570,0,719,258,3.4,3.5,3.8,3.5,2.9,3,2.9,79,64,221,15100,"match"
"173",240744,"Franklin Templeton Investments","Investment Banking & Asset Management","Gregory Eugene Johnson","Gregory E. Johnson",15904296,70449,226,534,227,3.8,3.7,3.9,4.1,3,3.5,3.3,97,79,2035,9200,"match"
"174",266,"Freeport-McMoRan Copper & Gold","Mining","Richard C. Adkerson","Richard C. Adkerson",10123035,74154,137,290,128,3.9,3.9,3.8,3.4,3.7,4.2,3.5,70,77,-12236,34500,"match"
"176",1162,"GameStop","Toy & Hobby Stores","J. Paul Raines","J. Paul Raines",8604576,24880,346,2758,1177,3.1,3.1,3.1,2.9,2.8,2.6,2.8,66,49,403,20000,"match"
"178",12667,"Garmin","Consumer Products Manufacturing","Clifton A. Pemble","Clifton Pemble",1716612,72491,24,487,197,3.8,3.7,3.9,3.9,3.1,3.6,3.4,87,72,456,11561,"match"
"179",277,"GE","Enterprise Software & Network Solutions","Jeffrey R. Immelt","Jeffrey R. Immelt",37250774,89186,418,5439,2074,3.8,3.8,3.8,3.5,3.7,3.6,3.4,88,81,-6133,333000,"match"
"180",276,"General Dynamics","Aerospace & Defense","Phebe N. Novakovic","Phebe N. Novakovic",19388084,86404,224,370,75,3.4,3.1,2.9,3.2,2.8,3.4,2.6,61,49,2965,99900,"match"
"181",2317,"General Growth Properties","Real Estate","Sandeep Lakhmi Mathrani","Sandeep Mathrani",4892039,76622,64,164,41,3.4,3.2,3.1,3.8,2.9,3.3,2.7,45,50,1375,1700,"match"
"182",278,"General Mills","Food & Beverage Manufacturing","Kendall J. Powell","Ken Powell",11604484,83273,139,1249,727,3.5,3.5,3.7,3.7,3.2,3.7,3,72,70,1221,42000,"match"
"183",279,"General Motors","Transportation Equipment Manufacturing","Mary T. Barra","Mary Barra",16162828,93165,173,2123,662,3.5,3.7,3.4,3.5,3.4,3.8,3.1,91,72,9687,215000,"match"
"184",282,"Genuine Parts","Logistics & Supply Chain","Thomas C. Gallagher","Tom Gallagher",10130811,59131,171,97,37,3,3.1,2.7,3,2.7,3.3,2.6,67,53,706,39600,"match"
"185",34925,"Genworth Financial","Insurance Carriers","Thomas J. McInerney","Thomas McInerney",2696365,77128,35,463,145,3.3,3.2,3.2,3.5,2.6,3.4,2.6,46,47,560,4100,"match"
"186",2016,"Gilead Sciences","Biotech & Pharmaceuticals","John C. Martin","John Milligan",18957994,119176,159,461,24,3,3.1,3,2.3,2.9,3.5,2.7,80,58,18108,8000,"match"
"187",2800,"Goldman Sachs","Investment Banking & Asset Management","Lloyd C. Blankfein","Lloyd C. Blankfein",22162912,107205,207,3601,2066,3.8,3.8,3.8,2.7,3.9,3.8,3.4,93,77,6083,36500,"match"
"188",292,"Goodyear","Industrial Manufacturing","Richard J. Kramer","Richard J. (Rich) Kramer",17853097,61260,291,567,230,3.4,3.2,2.9,2.8,3.1,3.5,2.7,78,61,307,66000,"match"
"190",303,"H&R Block","Other Retail Stores","William C. Cobb","William C. Cobb",7485383,35488,211,2096,628,3.6,3.5,3.5,3.6,3.1,2.6,3.1,75,69,374,2400,"match"
"191",307,"Halliburton","Oil & Gas Services","David J. Lesar","Dave Lesar",20560157,79045,260,1971,853,3.3,3.4,3.1,2.8,3.2,3.6,2.7,62,65,-671,55000,"match"
"192",13758,"Hanesbrands","Consumer Products Manufacturing","Richard A. Noll","Rich Noll",11116508,58000,192,246,108,3.3,2.9,2.8,2.9,2.5,3.1,2.5,44,47,429,65300,"match"
"194",315,"HARMAN","Consumer Products Manufacturing","Dinesh C. Paliwal","Dinesh C. Paliwal",11965521,90263,133,452,222,3.3,3.3,3.1,3.3,3.2,3.1,2.9,75,64,343,24197,"match"
"195",317,"Harris","Aerospace & Defense","William M. Brown","Bill Brown",7847382,80149,98,1176,430,2.9,2.9,2.9,3.2,2.8,2.8,2.4,26,48,334,22300,"match"
"196",890,"Hasbro","Consumer Products Manufacturing","Brian Goldner","Brian Goldner",14623112,77800,188,299,43,4.1,3.7,4.1,3.8,3.2,3.5,3.5,89,80,452,5000,"match"
"197",5319,"Henry Schein","Wholesale","Stanley M. Bergman","Stanley M. Bergman",6869691,50000,137,308,170,3.3,3.4,3.6,3.6,3,3.2,3.1,71,58,479,19000,"match"
"198",30,"Hess Corporation","Oil & Gas Exploration & Production","Hess, John B.","John B. Hess",22459530,75883,296,264,148,3.6,4,4,3.7,3.5,4.2,3.5,90,80,-3056,2770,"match"
"199",327,"Hewlett-Packard","Computer Hardware & Software","Margaret C. Whitman","Meg Whitman",19612164,103632,189,15602,5819,3.3,3.3,3.4,3.6,3,3.1,2.8,68,61,4554,287000,"match"
"200",28,"Honeywell","Electrical & Electronic Manufacturing","David M. Cote, J.D.","David M. Cote",29142121,86785,336,3923,1621,3.2,3.1,2.9,3,2.9,2.8,2.5,56,51,4768,129000,"match"
"202",35009,"Hospira","Biotech & Pharmaceuticals","F. Michael Ball","F. Michael (Mike) Ball",11897977,78760,151,470,180,3,3.1,2.8,2.9,2.7,3.4,2.6,68,56,333,19000,"match"
"203",2062,"Hospital Corporation of America","Health Care Services & Hospitals","R. Milton Johnson","R. Milton Johnson",14625513,61000,240,970,271,3.4,3.4,3.3,3.3,3.4,3.3,3,76,66,2129,174000,"match"
"204",340,"Humana","Insurance Carriers","Bruce D. Broussard","Bruce  D. Broussard",10155401,60904,167,1963,715,3.5,3.5,3.6,3.4,3.3,3.5,3,79,69,1276,50100,"match"
"205",1496,"Huntington National Bank","Banks & Credit Unions","Stephen D. Steinour","Steve Steinour",7498609,48569,154,635,303,3,3.3,3.5,3.1,3.2,3.3,2.9,80,59,693,12386,"match"
"206",354,"IBM","Consulting","Virginia M. Rometty","Virginia Rometty",19345125,106184,182,25187,8482,3.2,3.4,3.3,3.5,3.3,3,2.8,57,60,13190,377757,"match"
"207",348,"Illinois Tool Works","Industrial Manufacturing","E. Scott Santi","E. Scott Santi",11999278,71182,169,280,84,2.9,3.2,3.2,3.3,2.9,3.3,2.8,61,52,1899,48000,"match"
"208",349,"Ingersoll Rand","Industrial Manufacturing","M. W. Lamach","Michael W. Lamach",19417506,74458,261,697,296,3.4,3.6,3.6,3.6,3.4,3.6,3.2,93,78,665,45000,"match"
"209",1519,"Intel Corporation","Computer Hardware & Software","Brian M. Krzanich","Brian M. Krzanich",11197400,113489,99,8169,2777,3.8,3.7,3.6,3.6,3.5,3.9,2.9,58,71,11420,107300,"match"
"210",13785,"Intercontinental Exchange","Investment Banking & Asset Management","Jeffrey C. Sprecher","Jeffrey C. Sprecher",10621045,110000,97,134,75,2.7,3.2,2.7,2.5,2.7,3.6,2.9,71,54,226,5549,"match"
"213",358,"Interpublic Group","Advertising & Marketing","Michael I. Roth","Michael I. Roth",12899339,73553,175,116,56,3.5,3.7,3.9,3.8,3.1,3.3,3.5,97,90,455,49200,"match"
"214",2293,"Intuit","Computer Hardware & Software","Brad D. Smith","Brad Smith",16548469,126999,130,2735,1460,3.8,4,4.2,4.1,3.5,4.3,3.6,95,81,365,7700,"match"
"215",8090,"Intuitive Surgical","Health Care Products Manufacturing","Gary S. Guthart","Gary S. Guthart",2617963,125073,21,165,94,3.8,4,4,3.5,3.8,4,3.7,91,82,589,3211,"match"
"216",4518,"Invesco","Investment Banking & Asset Management","Martin L. Flanagan","Marty Flanagan",15622002,66082,236,370,158,3.7,3.4,3.5,3.7,3,3.4,3.1,84,67,968,6552,"match"
"217",6774,"Iron Mountain Inc","IT Services","William L. Meaney","William Meaney",6840413,78160,88,724,208,2.9,3,3,3.4,2.6,3.2,2.5,58,49,122,20000,"match"
"218",1540,"J.B. Hunt","Logistics & Supply Chain","John N. Roberts, III","John N. Roberts III",4346470,52106,83,679,352,3.4,3.2,3.3,2.7,3.3,3,3,83,60,427,21562,"match"
"219",145,"J.P. Morgan","Investment Banking & Asset Management","James Dimon","Jamie Dimon",27701709,65344,424,10317,4267,3.5,3.6,3.4,3.2,3.5,3.6,3.1,88,70,24442,237420,"match"
"221",195,"John Deere","Industrial Manufacturing","Samuel R. Allen","Samuel Allen",20273296,74573,272,1106,552,3.8,3.8,3.9,3.8,3.3,3.8,3.4,95,77,1940,57200,"match"
"222",364,"Johnson & Johnson","Biotech & Pharmaceuticals","Alex Gorsky","Alex Gorsky",24989306,106821,234,2839,1032,3.9,4.1,4.1,3.8,3.7,4,3.6,96,87,15409,127100,"match"
"223",365,"Johnson Controls","Industrial Manufacturing","Alex A. Molinaroli","Alex A. Molinaroli",19540681,77724,251,1622,461,3.3,3.4,3.3,3.2,3.2,3.6,2.8,48,63,-530,139000,"match"
"224",316,"Joy Global","Industrial Manufacturing","Edward L. Doheny, II","Ted Doheny II",4534634,68407,66,133,42,2.8,3.1,2.9,3.1,2.7,3.6,2.3,44,50,-1178,13400,"match"
"226",377,"Kellogg Company","Food & Beverage Manufacturing","John A. Bryant","John Bryant",9258243,66946,138,956,443,3.2,3.3,3.4,3.1,3.1,3.6,2.8,69,59,614,33577,"match"
"228",381,"KeyBank","Investment Banking & Asset Management","Beth E. Mooney","Beth E. Mooney",7124566,53148,134,799,354,3.1,3.3,3.4,3.6,3.1,3.4,3,82,65,916,13483,"match"
"229",383,"Kimberly-Clark","Consumer Products Manufacturing","Thomas J. Falk","Tom Falk",15395181,83737,184,906,472,3.6,3.9,4,3.8,3.6,3.8,3.4,90,78,545,43000,"match"
"231",1557,"KLA-Tencor","Industrial Manufacturing","Richard P. Wallace","Rick Wallace",6889513,116394,59,560,300,3.3,3.6,3.4,3,3.2,3.4,3.1,89,68,366,5880,"match"
"232",592,"Kohl's","Department, Clothing, & Shoe Stores","Kevin Mansell","Kevin B. Mansell",9668796,23210,417,5649,2089,3.2,3.4,3.6,3.5,3.1,3,3.2,77,66,673,32000,"match"
"233",386,"Kroger","Grocery Stores & Supermarkets","W. Rodney McMullen","Rodney McMullen",12987582,20420,636,4800,978,3,3,3.1,2.8,2.9,2.9,2.7,59,46,2039,431000,"match"
"234",656,"L Brands","Department, Clothing, & Shoe Stores","Leslie H. Wexner","Leslie H. Wexner",24094036,61260,393,405,246,3.6,3.6,3.8,3.3,3.3,3.7,3.3,94,72,1253,22900,"match"
"235",10080,"L-3 Communications","Aerospace & Defense","Michael T. Strianese","Michael T. Strianese",14765393,81804,180,1290,439,3.2,3.3,3,3.2,3,3.7,2.7,71,59,-240,38000,"match"
"236",1679,"LabCorp","Research & Development","David P. King","Dave King",10472562,35970,291,1068,397,2.9,3.1,2.7,2.9,2.7,3.1,2.5,59,56,160,50000,"match"
"237",1582,"Lam Research","Electrical & Electronic Manufacturing","Martin B. Anstice","Martin Anstice",15009218,109247,137,407,176,3.8,3.7,3.7,3.1,3.5,3.8,3.3,91,73,143,7300,"match"
"238",397,"Legg Mason","Investment Banking & Asset Management","Joseph A. Sullivan","Joseph A. Sullivan",11548620,91734,126,99,13,3.6,3.5,3.7,4.1,2.9,3.5,3.1,89,68,-25,3066,"match"
"240",400,"Lennar","Real Estate","Stuart A. Miller","Stuart A. Miller",17909543,63000,284,181,92,3,3.4,3.4,3.3,3.2,3.5,3.2,82,57,803,7749,"match"
"241",7705,"Level 3 Communications","Cable, Internet & Telephone Providers","Jeff K. Storey","Jeff Storey",10850861,96791,112,970,349,3.1,2.9,2.8,3,2.8,3.3,2.6,63,47,3433,12500,"match"
"242",403,"Lincoln Financial Group","Insurance Carriers","Dennis R. Glass","Dennis R. Glass",12195333,54278,225,504,216,3.6,3.4,3.5,3.4,3,3.6,2.9,84,69,1154,9312,"match"
"243",1598,"Linear Technology","Electrical & Electronic Manufacturing","Lothar Maier","Lothar Maier",6386772,102429,62,90,48,3.8,3.7,2.9,3.4,3,4.1,3.2,87,58,521,4868,"match"
"244",404,"Lockheed Martin","Aerospace & Defense","Marillyn A. Hewson","Marillyn Hewson",33687442,85465,394,4450,1382,3.5,3.6,3.5,3.6,3.4,3.6,3.1,86,72,3605,126000,"match"
"245",415,"Lowe's","Home Centers & Hardware Stores","Robert A. Niblock","Robert A. Niblock",14279945,29720,480,10727,3791,3.4,3.5,3.5,3,3.3,3.5,3,73,72,2546,180000,"match"
"247",858,"M&T Bank","Banks & Credit Unions","Robert G. Wilmers","Bob Wilmers",4223419,51816,82,650,322,3.2,3.2,3.4,3.5,3.2,2.8,3.1,90,60,1080,16331,"match"
"248",3939,"Macerich","Real Estate","Arthur M. Coppola","Art Coppola",14212869,49780,286,68,36,3.4,3,2.8,3.3,2.2,3.2,2.5,59,40,488,997,"match"
"249",1079,"Macy's","Department, Clothing, & Shoe Stores","Terry J. Lundgren","Terry J. Lundgren",16497220,22800,724,11597,3557,3,3.1,3.1,3.1,2.9,2.7,2.7,66,53,1072,157900,"match"
"250",669747,"Mallinckrodt Pharmaceuticals","Biotech & Pharmaceuticals","Mark Christopher Trudeau","Mark Trudeau",6502676,96995,67,183,77,2.7,2.6,2.5,3.1,2.4,3.2,2.3,31,36,325,5700,"match"
"251",8229,"Marathon Oil","Oil & Gas Exploration & Production","Lee M. Tillman","Lee Tillman",11498067,119176,96,219,82,3,2.9,3.1,3.8,2.6,3.8,2.4,22,46,-2204,2611,"match"
"252",7657,"Marathon Petroleum","Oil & Gas Exploration & Production","Gary R. Heminger","Gary R. Heminger",16401255,80000,205,266,136,4,4,3.9,3.8,3.9,4.3,3.7,89,77,2852,45440,"match"
"253",7790,"Marriott","Hotels, Motels, & Resorts","Arne M. Sorenson","Arne Sorenson",14892836,30620,486,3646,1287,3.7,3.8,3.8,3.2,3.6,3.4,3.3,90,72,859,127500,"match"
"254",426,"Marsh & McLennan Companies","Insurance Agencies & Brokerages","Daniel S. Glaser","Daniel S. Glaser",14906638,74460,200,491,55,3.2,3.6,3.4,3.4,3.4,3.5,3.1,95,77,1599,60000,"match"
"255",427,"Masco","Consumer Products Manufacturing","Keith J. Allman","Keith Allman",4750833,61790,77,87,16,3.1,3,3.1,3.3,2.3,3,2.6,59,54,355,25000,"match"
"256",3677,"MasterCard","Financial Transaction Processing","Ajay Banga","Ajay Banga",13406041,127625,105,750,454,3.6,3.5,3.6,3.6,3.3,3.7,3.1,92,70,3808,11300,"match"
"260",433,"McGraw Hill Financial","Investment Banking & Asset Management","Douglas L. Peterson","Douglas L. Peterson",6498116,108555,60,318,59,3.4,3.4,3.1,3.6,2.9,3.4,2.6,89,70,NA,NA,"match"
"261",434,"McKesson","Health Care Services & Hospitals","John H. Hammergren","John H. Hammergren",25919882,83491,310,1997,750,3.2,3.4,3.3,3.3,3.1,3.5,2.9,72,60,2258,68000,"match"
"262",13969,"Mead Johnson","Consumer Products Manufacturing","Peter Kasper Jakobsen","Peter Kasper Jakobsen",8369158,100267,83,139,50,3.3,3.6,3.6,3.7,2.8,3.7,3.1,76,82,654,7660,"match"
"263",436,"Medtronic","Biotech & Pharmaceuticals","Omar Ishrak","Omar S. Ishrak",12118846,96005,126,1785,715,3.7,3.7,3.7,3.4,3.4,3.7,3.1,91,76,3538,88000,"match"
"264",438,"Merck","Health Care Services & Hospitals","Kenneth C. Frazier","Kenneth C. Frazier",25029370,110183,227,1949,750,3.2,3.4,3.3,3.4,3,3.6,2.8,68,64,4442,68000,"match"
"265",2899,"MetLife","Insurance Carriers","Steven A. Kandarian","Steven A. Kandarian",15163802,79045,192,2062,707,3.2,3.2,3.2,3.4,2.9,3.3,2.8,71,55,5310,69000,"match"
"266",20439,"Michael Kors","Other Retail Stores","John D. Idol","John Idol",13559220,32000,424,889,274,3.4,3.4,3.3,3.1,2.8,3.4,2.9,84,61,839,12689,"match"
"267",2298,"Microchip Technology","Electrical & Electronic Manufacturing","Steve Sanghi","Steve Sanghi",5767310,81124,71,346,208,3.7,3.4,3.8,4.1,3.3,3,3.4,79,69,324,9766,"match"
"268",1648,"Micron Technology","Electrical & Electronic Manufacturing","D. Mark Durcan","D. Mark Durcan",11479108,84743,135,972,408,3.4,3.3,3.2,3.2,3.2,3.5,2.8,74,61,2899,31800,"match"
"269",1651,"Microsoft","Computer Hardware & Software","Satya Nadella","Satya Nadella",84308755,137000,615,15062,4671,3.8,4,3.8,3.7,3.7,4,3.4,94,84,12193,118000,"match"
"270",1644,"Mohawk Industries","Industrial Manufacturing","Jeffrey S. Lorberbaum","Jeffrey S. Lorberbaum",5005702,60074,83,231,114,3.2,3.2,3.1,3.2,3.2,3.2,2.9,78,61,615,34100,"match"
"271",628257,"Mondelez International","Food & Beverage Manufacturing","Irene Rosenfeld","Irene Rosenfeld",21039946,49225,427,974,394,3.1,3.1,3,2.9,2.8,3.3,2.7,43,50,7267,99000,"match"
"272",11986,"Monsanto Company","Food Production","Hugh Grant","Hugh Grant",13436483,81680,165,964,555,3.8,3.9,3.8,3.7,3.4,3.9,3.3,94,79,2314,22500,"match"
"273",11303,"Moody's","Financial Analytics & Research","Raymond W. McDaniel, Jr.","Ray McDaniel Jr.",14099502,103208,137,467,220,3.6,3.5,3.6,3.9,3.1,3,3,83,70,184,10752,"match"
"274",2282,"Morgan Stanley","Investment Banking & Asset Management","James P. Gorman","James P. Gorman",23270044,98232,237,4534,1691,3.6,3.7,3.7,3.4,3.6,3.5,3.4,91,76,6127,56218,"match"
"276",427189,"Motorola Solutions","Telecommunications Manufacturing","Gregory Q. Brown","Gregory Q. Brown",7969131,108558,73,1241,531,3.2,3.2,3.1,3.6,2.8,3.4,2.6,32,50,610,14000,"match"
"277",453,"Murphy Oil","Oil & Gas Exploration & Production","Roger W. Jenkins","Roger W. Jenkins",12778568,44929,284,128,21,3,2.6,2.6,2.7,2.3,3.4,2.1,23,36,-2271,1258,"match"
"278",12152,"NASDAQ","Stock Exchanges","Robert Greifeld","Bob Greifeld",12083929,131709,92,256,133,3.6,3.3,3.2,3.3,3.1,3.5,3.1,68,61,428,3824,"match"
"279",3306,"National Oilwell Varco","Oil & Gas Services","Clay C. Williams","Clay C. Williams",10863057,64074,170,1088,311,3.4,3.5,3.3,3.5,3.1,3.5,2.9,74,66,-769,44326,"match"
"280",807453,"Navient","Financial Transaction Processing","Jack Remondi","John (Jack) F. Remondi",6613724,62440,106,117,49,2.6,3,2.8,3,2.8,3.4,2.7,64,43,997,7300,"match"
"282",11891,"Netflix","Internet","Reed Hastings","Reed Hastings",11063926,134721,82,617,433,3.6,3.6,3.7,3.5,3.2,4.3,3.3,88,64,123,3500,"match"
"283",477,"Newell Rubbermaid","Consumer Products Manufacturing","Michael B. Polk","Michael B. Polk",12351559,77724,159,570,244,3.1,3,2.7,3,2.8,3,2.5,53,45,350,17200,"match"
"284",2367,"Newfield Exploration","Oil & Gas Exploration & Production","Lee K. Boothby","Lee K. Boothby",6716841,112337,60,63,39,3.1,3.5,3.4,3.8,3.3,4.1,3,73,71,-3362,1111,"match"
"285",479,"Newmont Mining","Mining","Gary J. Goldberg","Gary J. Goldberg",9547404,110268,87,142,55,3.2,3.3,3.4,3.2,3.1,4.1,3.2,73,64,220,15600,"match"
"287",221824,"NextEra Energy, Inc.","Utilities","James L. Robo","James L. Robo",12183296,92554,132,281,105,3.1,3.7,3.7,3,3.5,3.7,3.2,72,73,2752,13800,"match"
"288",3776,"Nielsen","Advertising & Marketing","Mitch Barns","Mitch Barns",6957892,71646,97,2608,748,3.6,3.6,3.7,3.4,3.5,3.1,3.3,92,74,NA,NA,"match"
"289",1699,"NIKE","Consumer Products Manufacturing","Mark G. Parker","Mark G. Parker",16819730,44073,382,2377,1249,4,3.9,4.1,3.6,3.5,3.6,3.3,93,82,3273,62600,"match"
"292",1704,"Nordstrom","Department, Clothing, & Shoe Stores","Blake W. Nordstrom","Blake W. Nordstrom",3789239,34738,109,7041,3928,3.6,3.5,3.7,2.9,3.5,3.4,3.1,90,68,600,72500,"match"
"293",483,"Norfolk Southern","Rail","Charles W. Moorman, IV","Wick Moorman IV",13536017,65133,208,444,189,3.2,2.8,2.4,1.9,3,3.8,2.3,52,33,1556,30456,"match"
"294",1710,"Northern Trust","Banks & Credit Unions","Frederick H. Waddell","Rick Waddell",12435522,67258,185,1103,556,3.4,3.6,3.7,3.8,3.2,2.9,3.1,90,73,974,16300,"match"
"295",488,"Northrop Grumman","Aerospace & Defense","Wesley G. Bush","Wesley G. Bush",21795703,88147,247,3203,1350,3.5,3.6,3.5,3.7,3.5,3.6,3.1,86,76,1990,65000,"match"
"297",489,"Nucor","Metal & Mineral Manufacturing","John J. Ferriola","John J. Ferriola",8941639,70469,127,121,24,3.4,3.5,3.8,2.8,3.3,3.8,3.3,86,72,358,23700,"match"
"298",7633,"NVIDIA","Computer Hardware & Software","Jen-Hsun Huang","Jen-Hsun Huang",6022630,127317,47,1294,945,3.9,4,4,3.6,3.9,3.8,3.7,95,86,614,9227,"match"
"299",2328,"O'Reilly Auto Parts","Automotive Parts & Accessories Stores","Gregory L. Henslee","Greg Henslee",4465436,29247,153,964,380,3.2,3.3,3.5,3,3.2,2.7,2.9,76,59,931,37879,"match"
"301",1734,"Omnicom","Advertising & Marketing","John D. Wren","John D. Wren",24014697,76493,314,73,28,3.9,3.2,3,3.1,3.3,3.4,3.1,89,70,1094,74900,"match"
"302",490,"ONEOK","Transportation Management","Terry K. Spencer","Terry K. Spencer",4042922,74365,54,78,25,3.7,3.6,3.9,3.8,2.9,3.2,3.7,96,82,245,2364,"match"
"305",1744,"PACCAR","Transportation Equipment Manufacturing","Ronald E. Armstrong","Ronald E. Armstrong",6757823,70669,96,374,62,2.8,2.8,2.5,3.3,3.2,2.8,2.6,71,47,1604,23000,"match"
"306",15208,"Pacific Gas and Electric","Utilities","Anthony F. Earley, Jr.","Anthony F. Earley Jr.",11627216,106819,109,865,368,3.6,3.9,3.6,3.6,3.7,4.1,3.1,87,78,888,23000,"match"
"307",974,"Pall","Industrial Manufacturing","Lawrence D. Kingsley","Lawrence D. Kingsley",9471578,88530,107,238,97,2.6,3,2.7,2.9,2.7,3.2,2.5,39,44,364,10400,"match"
"309",1923,"Patterson Companies","Wholesale","Scott P. Anderson","Scott P. Anderson",2570509,56997,45,84,45,3.4,3.2,3.3,3.3,2.9,3.1,2.9,78,51,187,7000,"match"
"310",1762,"Paychex","","Martin Mucci","Martin Mucci",6006823,60285,100,1298,617,3.6,3.6,3.7,3.5,3.4,3.4,3.3,89,69,675,13400,"match"
"311",1767,"Pentair","Industrial Manufacturing","Randall J. Hogan","Randall J. Hogan",14836702,82097,181,317,121,2.9,3.2,3.1,3.1,3.1,3.2,2.7,68,58,NA,NA,"match"
"312",199620,"People's United Bank","Investment Banking & Asset Management","John P. Barnes","John P. (Jack) Barnes",3698121,35000,106,260,100,2.9,2.6,2.8,2.7,2.5,2.5,2.3,57,35,260,4652,"match"
"313",543,"Pepco Holdings","Utilities","Joseph M. Rigby","Joe Rigby",7227146,83510,87,91,47,3.2,3.3,2.8,3.7,3.6,4,2.8,66,66,327,5184,"match"
"314",522,"PepsiCo","Food & Beverage Manufacturing","Indra K. Nooyi","Indra K. Nooyi",22485574,61876,363,4964,1826,3.5,3.4,3.5,2.9,3.5,3.7,3.2,76,63,5452,263000,"match"
"315",218,"PerkinElmer","Biotech & Pharmaceuticals","Robert F. Friel","Rob Friel",8934070,89848,99,292,125,2.4,3.1,3.1,3.3,2.9,3.2,2.7,54,54,212,8000,"match"
"317",525,"Pfizer","Biotech & Pharmaceuticals","Ian C. Read","Ian Read",23283048,114526,203,2095,740,3.7,3.7,3.6,3.6,3.3,3.8,3.3,85,78,6959,97900,"match"
"318",498821,"Phillips 66","Asphalt Products Manufacturing","Greg C. Garland","Greg C. Garland",24508433,92065,266,227,126,3.8,3.8,3.8,3.5,3.5,4.1,3.4,99,83,4227,14000,"match"
"319",535,"Pitney Bowes","Advertising & Marketing","Marc B. Lautenbach","Marc Lautenbach",6966360,70647,99,1070,321,3.2,3.4,3.4,3.7,3,3.4,3.1,80,61,408,14800,"match"
"320",507,"PNC Financial Services Group","Investment Banking & Asset Management","William S. Demchak","William S. Demchak",11337904,42489,267,3057,993,3.3,3.3,3.6,3.5,3.3,3,3,76,59,4106,49148,"match"
"323",2207,"Praxair","Chemical Manufacturing","Stephen F. Angel","Steve Angel",19687401,80576,244,403,173,3.1,3.1,3,3,3,3,2.6,78,55,1547,26657,"match"
"324",1798,"Precision Castparts","Transportation Equipment Manufacturing","Mark Donegan","Mark Donegan",9699876,71460,136,171,85,2.9,2.8,2.3,2.1,2.9,3.4,2.3,55,40,1530,30106,"match"
"329",2631,"Prologis","Real Estate","Hamid R. Moghadam","Hamid R. Moghadam",16514721,75244,219,74,30,3.7,3.7,3.7,3.3,3.5,3.9,3.5,86,76,869,1555,"match"
"330",2944,"Prudential","Investment Banking & Asset Management","John Robert Strangfeld","John R. Strangfeld",37483092,72771,515,1456,635,3.5,3.5,3.7,3.7,3.4,3.5,3.3,90,71,5642,49384,"match"
"331",16719,"PSEG","Utilities","Ralph Izzo, Ph.D.","Ralph Izzo",11014644,93008,118,238,100,3.2,3.5,3.2,3.2,3.2,3.8,2.9,83,71,1679,13025,"match"
"332",626,"Public Storage","Real Estate","Ronald L. Havner, Jr.","Ronald L. Havner Jr.",9009200,26027,346,727,425,3.1,3.1,2.9,3.4,2.6,3,2.9,58,47,1311,5300,"match"
"333",506,"Pulte Homes","Construction","Richard J. Dugas, Jr.","Richard J. Dugas Jr.",7723041,69027,112,305,175,3.6,2.9,3,2.8,2.7,3.2,2.5,47,47,494,4542,"match"
"334",530,"PVH Corp.","Department, Clothing, & Shoe Stores","Emanuel Chirico","Manny Chirico",13026532,45641,285,349,193,3.5,3.5,3.5,3.4,3,3.6,3,80,69,572,18200,"match"
"335",640,"Qualcomm","Computer Hardware & Software","Steven M. Mollenkopf","Steve Mollenkopf",60740592,121249,501,3588,1007,3.7,3.6,3.4,3.2,3.4,3.7,2.9,63,67,5271,33000,"match"
"336",6655,"Quest Diagnostics","Health Care Services & Hospitals","Stephen H. Rusckowski	","Steve Rusckowski",9266835,55828,166,1295,475,2.8,3.1,2.9,3,2.8,3.2,2.5,60,52,709,44000,"match"
"337",561,"Raytheon","Aerospace & Defense","Thomas A. Kennedy","Thomas A. Kennedy",13733364,89057,154,2500,304,3.4,3.6,3.4,3.6,3.4,3.7,3,86,73,2074,61000,"match"
"338",8868,"Red Hat","Computer Hardware & Software","James M. Whitehurst","Jim Whitehurst",6692552,115693,58,744,477,4,4,4.1,4,3.8,3.7,3.4,97,82,199,8800,"match"
"339",981,"Regeneron Pharmaceuticals","Biotech & Pharmaceuticals","Leonard S. Schleifer","Leonard S. Schleifer",41965424,79332,529,275,184,3.8,3.5,3.7,3.1,3.5,3.8,3.4,94,68,636,4300,"match"
"340",1397,"Regions Financial","Investment Banking & Asset Management","O. B. Grayson Hall, Jr.","O. B. Grayson Hall Jr.",14421247,37683,383,970,403,3.5,3.4,3.6,3.7,3.2,3.3,3.1,89,63,1062,23916,"match"
"341",8328,"Republic Services","Utilities","Donald W. Slager","Donald W. (Don) Slager",5705379,62208,92,597,254,2.9,3,2.9,2.7,2.9,3.5,2.6,66,48,750,33000,"match"
"342",7736,"Reynolds American","Consumer Products Manufacturing","Susan M. Cameron","Susan M. Cameron",10751553,63906,168,436,134,3.4,4.2,4.2,3.9,3.7,4.1,4,97,88,3253,5600,"match"
"343",1838,"Robert Half","Staffing & Outsourcing","Harold M. Messmer, Jr.","Harold M. Messmer Jr.",8292876,56788,146,1806,673,3.2,3.4,3.1,3.2,3.4,3.1,3.1,75,62,358,16100,"match"
"345",13435,"Rockwell Collins","Aerospace & Defense","Robert K. Ortberg","Kelly Ortberg",5828786,81536,71,1088,338,3.5,3.6,3.7,3.8,3.4,3.4,3.2,93,73,686,19500,"match"
"346",1843,"Ross Stores","Department, Clothing, & Shoe Stores","Barbara Rentler","Barbara Rentler",12083834,19120,632,2701,432,2.8,3.1,3,3.1,3.1,2.7,2.8,65,53,1021,77800,"match"
"347",3579,"Royal Caribbean Cruises","Cruise Ships","Richard D. Fain","Richard D. Fain",12013878,68146,176,508,248,3.6,3.7,3.6,3.1,3.7,3.5,3.1,75,67,666,65900,"match"
"348",575,"Ryder System","Transportation Management","Robert E. Sanchez","Robert E. Sanchez",5654252,55702,102,668,214,3.1,3.3,3,2.8,3,3.2,2.8,84,63,305,33100,"match"
"349",11159,"Salesforce","Computer Hardware & Software","Marc Benioff","Marc Benioff",31333332,151512,207,2425,1786,3.9,4.2,4.4,3.9,4.1,4.3,3.9,97,85,-47,19000,"match"
"351",577,"SCANA","Energy","Kevin B. Marsh","Kevin Marsh",5710448,71079,80,84,38,3.5,3.8,3.9,4,3.2,3.7,3.5,91,85,746,5829,"match"
"352",588,"Schlumberger","Oil & Gas Services","Paal Kibsgaard","Paal Kibsgaard",18518374,94443,196,3221,1141,3.5,3.5,3.4,2.6,3.6,3.7,2.9,64,69,2072,95000,"match"
"353",38201,"Scripps Networks Interactive","TV Broadcast & Cable Networks","Kenneth W. Lowe","Ken Lowe",11838015,77074,154,229,125,3.5,3.8,3.8,4,3.1,3.6,3.3,88,81,607,3500,"match"
"354",1864,"Seagate Technology","Computer Hardware & Software","Stephen J. Luczo","Steve Luczo",2615517,108939,24,899,451,3.6,3.1,3.1,3.6,2.7,3.2,2.7,67,48,1742,52350,"match"
"355",590,"Sealed Air Corporation","Industrial Manufacturing","Jerome A. Peribere","Jerome Peribere",11963159,81340,147,298,115,3.1,3.3,3.2,3.3,3.2,3.3,2.8,65,60,335,23000,"match"
"356",8437,"Sempra Energy","Utilities","Debra L. Reed","Debra Reed",16893225,80833,209,99,48,3.9,4.5,4.1,3.8,3.8,4.4,4,100,94,1350,17387,"match"
"358",1878,"Sigma-Aldrich","Research & Development","Rakesh Sachdev","Rakesh Sachdev",5630524,66000,85,307,127,3,3.2,3.4,3.5,3,3,2.9,41,64,500,9800,"match"
"359",2458,"Simon Property Group","Real Estate","David Simon","David Simon",14739246,37660,391,273,110,2.9,2.8,2.5,2.7,2.7,2.8,2.4,51,43,1828,3150,"match"
"361",604,"Snap-on","Consumer Products Manufacturing","Nicholas T. Pinchuk","Nick Pinchuk",9540993,72194,132,145,72,3.3,3.2,3.6,2.7,3,3.5,3.1,97,61,479,11500,"match"
"362",607,"Southern Company","Utilities","Thomas A. Fanning","Thomas A. Fanning",11515993,81536,141,288,142,3.6,3.8,3.8,3.7,3.3,3.9,3.2,90,72,496,26703,"match"
"363",611,"Southwest Airlines","Airlines","Gary C. Kelly","Gary C. Kelly",5002785,52888,95,1105,766,4.1,4.1,4.3,3.9,3.9,4.1,3.6,84,84,2181,50911,"match"
"364",614,"Southwestern Energy","Oil & Gas Services","Steven L. Mueller","Steven L. Mueller",11453881,94986,121,118,49,3.4,3.9,3.8,3.8,3.3,4.2,2.8,43,80,-4556,2597,"match"
"366",350350,"Stanley Black & Decker","Industrial Manufacturing","John F. Lundgren","John F. Lundgren",13137482,69714,188,479,184,3.2,3.3,3.1,3.2,3.2,3.2,2.8,72,61,884,51250,"match"
"368",2202,"Starbucks","Fast-Food & Quick-Service Restaurants","Howard D. Schultz","Howard D. Schultz",21466454,32080,669,11915,6844,3.8,3.8,4,3.4,3.4,3.8,3.2,88,77,2757,238000,"match"
"370",1911,"State Street","Investment Banking & Asset Management","Joseph L. Hooley","Joseph L. Hooley",18842196,50921,370,2662,868,2.9,3,2.9,3.3,3,2.7,2.8,67,54,1980,32527,"match"
"371",6009,"Stericycle","Building & Personnel Services","Charles A. Alutto","Charles A. Alutto",3635560,46967,77,383,145,2.8,2.7,2.8,2.9,2.8,2.9,2.5,58,39,267,25472,"match"
"372",1918,"Stryker","Health Care Products Manufacturing","Kevin A. Lobo","Kevin A. Lobo",9120147,79045,115,1178,498,3.9,3.9,4,3.5,3.7,3.7,3.6,90,76,1439,27000,"match"
"373",631,"SunTrust","Banks & Credit Unions","William Henry Rogers, Jr.","William H. (Bill) Rogers Jr.",9190668,44562,206,1663,628,2.8,3,3,3.1,2.9,3.1,2.5,72,52,1933,24043,"match"
"375",634,"Sysco","Wholesale","William J. DeLaney, III","Bill DeLaney",7815394,60000,130,781,291,3.1,3.2,3.1,2.8,3.1,3.5,2.8,69,54,687,51700,"match"
"377",194,"Target","Department, Clothing, & Shoe Stores","Brian C. Cornell","Brian Cornell",28164024,30000,939,20180,3702,3.2,3.4,3.5,3.1,3.1,3.1,2.9,75,62,3363,341000,"match"
"378",18055,"TE Connectivity","Electrical & Electronic Manufacturing","Thomas J. Lynch","Tom Lynch",11616982,84792,137,752,404,3.3,3.3,3.3,3.4,3.1,3.5,2.8,81,61,2420,72000,"match"
"379",466,"Tenet Healthcare","Health Care Services & Hospitals","Trevor Fetter","Trevor Fetter",17950107,69714,257,309,114,3,2.9,2.7,2.8,2.9,3.2,2.4,67,48,-140,103665,"match"
"381",648,"Tesoro Corporation","Oil & Gas Exploration & Production","Gregory J. Goff","Gregory J. Goff",20855549,79015,264,138,69,3.5,3.6,3.6,3.3,3.6,4.1,3.4,99,74,1540,6000,"match"
"382",651,"Texas Instruments","Electrical & Electronic Manufacturing","Richard K. Templeton","Rich Templeton",15043694,106878,141,1868,1090,3.8,4,4,3.7,3.7,4,3.5,92,87,2986,29977,"match"
"383",654,"Textron","Aerospace & Defense","Scott C. Donnelly","Scott C. Donnelly",13590693,76537,178,217,90,3.3,3.6,3.4,3.4,3.4,3.5,3.3,72,69,697,35000,"match"
"384",4314,"The Hartford","Insurance Carriers","Christopher Swift","Christopher Swift",5392784,61985,87,1187,258,3.3,3.3,3.5,3.3,3.1,3.5,3,79,56,1682,17400,"match"
"385",326,"The Hershey Company","Food & Beverage Manufacturing","John P. Bilbrey","John P. (J.P.) Bilbrey",17777401,55092,323,462,204,3.7,3.4,3.7,3.2,3.1,3.8,3,74,66,513,19060,"match"
"387",362,"The J. M. Smucker Company","Food & Beverage Manufacturing","Richard K. Smucker","Mark T. Smucker",4886995,69428,70,214,16,3.8,3.7,3.9,3.9,3.4,3.6,3.4,83,70,689,6910,"match"
"388",658,"Thermo Fisher Scientific","Biotech & Pharmaceuticals","Marc N. Casper","Marc N. Casper",17446957,79898,218,1394,540,3.2,3.1,3.1,3,3,3.1,2.7,75,58,1975,52000,"match"
"390",12777,"Time Warner","TV Broadcast & Cable Networks","Jeffrey L. Bewkes","Jeff Bewkes",32903139,87916,374,190,79,3.6,3.2,3,3.2,2.7,3.6,2.5,82,56,3833,24800,"match"
"391",13229,"Time Warner Cable","Cable, Internet & Telephone Providers","Robert D. Marcus","Robert D. Marcus",34615597,55006,629,3170,830,3.3,3.4,3.3,3.2,3.3,3.8,2.9,54,66,1844,56600,"match"
"393",2602,"Tractor Supply","Home Centers & Hardware Stores","Gregory A. Sandfort","Greg Sandfort",4695342,36000,130,669,246,3.1,3.1,3.5,2.8,3.1,2.9,2.7,68,55,410,12000,"match"
"396",15276,"TripAdvisor","Internet","Stephen Kaufer","Stephen Kaufer",1207960,102100,12,372,255,3.3,3.5,3.5,3.7,3,3.8,2.9,78,66,198,3108,"match"
"398",681,"Tyco","Industrial Manufacturing","George R. Oliver","George R. Oliver",8998307,77724,116,778,193,2.7,2.7,2.6,2.9,2.5,3,2.2,47,40,NA,NA,"match"
"399",1975,"Tyson Foods","Food & Beverage Manufacturing","Donnie Smith","Donnie Smith",12173164,50145,243,489,191,3.5,3.4,3.4,3.1,3.4,3.7,3.1,89,65,1220,113000,"match"
"400",8937,"U.S. Bank","","Richard K. Davis","Richard K. Davis",19373076,43525,445,3282,1935,3.3,3.4,3.5,3.4,3.2,2.9,3.2,91,65,5879,65433,"match"
"401",15422,"Under Armour","Consumer Products Manufacturing","Kevin A. Plank","Kevin A. Plank",3556190,36130,98,558,324,3.6,3.8,4.1,3.2,3.4,3.5,3.2,97,77,233,5800,"match"
"403",7395,"United Rentals","Commercial Equipment Rental","Michael J. Kneeland","Michael J. Kneeland",8402819,61105,138,355,235,3.5,3.6,3.4,3.4,3.5,3.8,3.2,88,79,585,12700,"match"
"405",1991,"UnitedHealth Group","Insurance Carriers","Stephen J. Hemsley","Steve Hemsley",14856321,67000,222,5322,1792,2.9,3.1,3.2,3.2,3.1,3,2.7,73,56,5813,200000,"match"
"406",2001,"Universal Health Services","Health Care Services & Hospitals","Alan B. Miller","Alan B. Miller",18425575,50865,362,278,110,2.9,2.9,2.7,2.8,2.8,3,2.5,52,44,681,72600,"match"
"409",2372,"Urban Outfitters","Department, Clothing, & Shoe Stores","Richard A. Hayne","Richard A. Hayne",68487,19898,3.4,1460,462,3.3,3.3,3.5,3.1,3,2.9,2.8,53,61,224,9360,"match"
"410",704,"Valero Energy","Energy","Joseph W. Gorder","Joe Gorder",16056949,77158,208,240,54,3.7,4.1,4.2,3.8,3.6,4.2,3.8,93,85,3990,10103,"match"
"411",9111,"Varian Medical Systems","Health Care Products Manufacturing","Dow R. Wilson","Dow R. Wilson",6443998,94427,68,296,146,3.5,3.5,3.6,3.6,2.9,3.5,3.1,88,68,411,7300,"match"
"412",7492,"Verisign","IT Services","D. James Bidzos","D. James Bidzos",7652865,132475,58,286,94,3.9,3.8,3.5,3.9,3.3,4.3,3,81,73,375,1019,"match"
"413",89,"Verizon","Enterprise Software & Network Solutions","Lowell C. McAdam","Lowell McAdam",18306509,88062,208,6009,2211,3.3,3.4,3.2,3.1,3.1,4,2.8,65,63,17879,173300,"match"
"414",2080,"Vertex Pharmaceuticals","Biotech & Pharmaceuticals","Jeffrey M. Leiden","Jeffrey Leiden, M.D., Ph.D",36635468,123840,296,201,81,3.7,3.4,3.6,3.3,3.2,4.3,3.1,57,61,-556,1950,"match"
"415",703,"VF","Consumer Products Manufacturing","Eric C. Wiseman","Eric C. Wiseman",17832902,61128,292,187,78,3.6,3.6,3.5,3.3,3.1,3.6,3.2,87,75,1232,64000,"match"
"416",40260,"Viacom","Motion Picture Production & Distribution","Philippe P. Dauman","Philippe P. Dauman",44334858,82094,540,664,271,3.6,3.6,3.7,3.7,3.2,3.2,3.1,47,62,1922,9200,"match"
"417",3035,"Visa Inc.","IT Services","Charles W. Scharf","Charles Scharf",7692113,154171,50,1524,14,3,2.8,2.8,3.1,2.7,3.3,2.4,38,45,6328,11300,"match"
"420",715,"Walmart","General Merchandise & Superstores","C. Douglas McMillon","Doug McMillon",25592938,22591,1133,22182,5519,3,3.2,3,2.8,3.3,3.1,2.7,65,56,14694,2300000,"match"
"421",717,"Walt Disney Co.","Motion Picture Production & Distribution","Robert A. Iger","Bob Iger",46497018,79211,587,2123,1124,3.8,3.8,4.1,3.4,3.4,3.5,3.3,88,77,8382,185000,"match"
"422",2094,"Waste Management","Utilities","David P. Steiner","David P. Steiner",10770856,60613,178,976,481,2.9,3.1,2.9,2.9,2.9,3.5,2.5,64,55,753,40600,"match"
"425",1067,"Western Digital","Computer Hardware & Software","Stephen D. Milligan","Stephen D. Milligan",11290562,107750,105,651,218,3.3,2.9,2.7,3,2.6,2.9,2.5,48,38,1465,76449,"match"
"426",14655,"Western Union","Financial Transaction Processing","Hikmet Ersek","Hikmet Ersek",8241800,102595,80,540,247,3.1,3.4,3.3,3.4,3.1,3.5,2.9,79,63,838,10000,"match"
"427",730,"Weyerhaeuser","Wood Product Manufacturing","Doyle R. Simons","Doyle Simons",8144434,82674,99,292,79,3.2,3.3,3.3,3.3,2.9,3.1,2.7,40,52,506,12600,"match"
"428",732,"Whirlpool","Consumer Products Manufacturing","Jeff M. Fettig","Jeff M. Fettig",17544567,86000,204,970,451,3.6,3.5,3.6,3.4,3.6,3.3,3,81,70,783,97000,"match"
"430",736,"Williams","Oil & Gas Services","Alan S. Armstrong","Alan S. Armstrong",11604615,85507,136,251,114,3.9,3.7,3.6,4,3.1,4,3,70,68,-571,6578,"match"
"431",40166,"Wyndham Worldwide","Hotels, Motels, & Resorts","Stephen P. Holmes","Stephen P. Holmes",14111891,58000,243,548,243,3.4,3.5,3.6,3.3,3.4,3.5,3.2,88,66,612,37700,"match"
"432",15096,"Wynn Resorts","Gambling","Stephen A. Wynn","Stephen A. Wynn",25322854,50961,497,177,99,3.5,3.9,3.9,3.3,3.6,3.8,3.2,80,79,195,20800,"match"
"433",487,"Xcel Energy","Utilities","Ben Fowke","Benjamin G.S. Fowke III",12870477,78760,163,259,108,3.2,3.3,3.1,3.4,3.1,3.5,2.9,73,62,984,11601,"match"
"434",747,"Xerox","Computer Hardware & Software","Ursula M. Burns","Ursula M. Burns",22205362,69307,320,4881,2166,2.5,2.6,2.5,2.8,2.4,2.5,2.3,37,36,474,135300,"match"
"435",2063,"Xilinx","Electrical & Electronic Manufacturing","Moshe N. Gavrielov","Moshe Gavrielov",6471480,141448,46,539,360,3.4,3.7,3.4,3.7,3.3,3.6,3.2,76,75,551,3458,"match"
"436",5891,"XL Group","Insurance Carriers","Michael S. McGavick","Michael McGavick",11734396,102013,115,228,105,3.6,3.4,3.3,3.6,3,3.8,3,88,66,1207,7200,"match"
"437",494852,"Xylem","Utilities","Patrick K. Decker","Patrick K. Decker",8227869,74974,110,134,38,2.9,3,3,3,2.8,3.1,2.5,72,48,340,12700,"match"
"438",5807,"Yahoo","Internet","Marissa A. Mayer","Marissa Mayer",42083508,137011,307,2918,1094,3.5,3.6,3.7,3.9,3.3,3.9,2.9,66,61,-4359,10400,"match"
"440",2053,"Zions Bancorporation","Banks & Credit Unions","Harris H. Simmons","Harris H. Simmons",2500822,68400,37,184,106,3.5,3.5,3.5,3.9,3.5,3,3.4,83,71,309,9937,"match"
"441",680848,"Zoetis","Biotech & Pharmaceuticals","Juan Ramn Alaix","Juan Ramon Alaix",7636726,114000,67,197,65,3.1,3.1,2.9,3.4,2.7,3.6,2.7,68,52,339,9000,"match"
